filename,recording_date_from_filename,size_bytes,size_mb,local_source_path
com.oculus.browser-20260326-173047-0.mp4,2026-03-26 17:30:47,29198446,27.85,/Users/butterflyeffectleedea/Desktop/Oculus/VideoShots/com.oculus.browser-20260326-173047-0.mp4
com.oculus.browser-20260422-155257-0.mp4,2026-04-22 15:52:57,96393056,91.93,/Users/butterflyeffectleedea/Desktop/Oculus/VideoShots/com.oculus.browser-20260422-155257-0.mp4
com.oculus.browser-20260422-155717-0.mp4,2026-04-22 15:57:17,108220034,103.21,/Users/butterflyeffectleedea/Desktop/Oculus/VideoShots/com.oculus.browser-20260422-155717-0.mp4
com.oculus.browser-20260422-161802-0.mp4,2026-04-22 16:18:02,115124199,109.79,/Users/butterflyeffectleedea/Desktop/Oculus/VideoShots/com.oculus.browser-20260422-161802-0.mp4
com.oculus.browser-20260422-163821-0.mp4,2026-04-22 16:38:21,132262137,126.14,/Users/butterflyeffectleedea/Desktop/Oculus/VideoShots/com.oculus.browser-20260422-163821-0.mp4
com.oculus.browser-20260507-143839-0.mp4,2026-05-07 14:38:39,60350655,57.55,/Users/butterflyeffectleedea/Desktop/Oculus/VideoShots/com.oculus.browser-20260507-143839-0.mp4
com.oculus.browser-20260507-144956-0.mp4,2026-05-07 14:49:56,61955772,59.09,/Users/butterflyeffectleedea/Desktop/Oculus/VideoShots/com.oculus.browser-20260507-144956-0.mp4
com.oculus.browser-20260507-151420-0.mp4,2026-05-07 15:14:20,64724347,61.73,/Users/butterflyeffectleedea/Desktop/Oculus/VideoShots/com.oculus.browser-20260507-151420-0.mp4
com.oculus.browser-20260508-121018-0.mp4,2026-05-08 12:10:18,80256081,76.54,/Users/butterflyeffectleedea/Desktop/Oculus/VideoShots/com.oculus.browser-20260508-121018-0.mp4
com.oculus.browser-20260508-121812-0.mp4,2026-05-08 12:18:12,98705467,94.13,/Users/butterflyeffectleedea/Desktop/Oculus/VideoShots/com.oculus.browser-20260508-121812-0.mp4
com.oculus.browser-20260508-130630-0.mp4,2026-05-08 13:06:30,44566688,42.50,/Users/butterflyeffectleedea/Desktop/Oculus/VideoShots/com.oculus.browser-20260508-130630-0.mp4
com.oculus.browser-20260508-131250-0.mp4,2026-05-08 13:12:50,27767115,26.48,/Users/butterflyeffectleedea/Desktop/Oculus/VideoShots/com.oculus.browser-20260508-131250-0.mp4
com.oculus.browser-20260511-140956-0.mp4,2026-05-11 14:09:56,32043028,30.56,/Users/butterflyeffectleedea/Desktop/Oculus/VideoShots/com.oculus.browser-20260511-140956-0.mp4
com.oculus.browser-20260511-141134-0.mp4,2026-05-11 14:11:34,127271329,121.38,/Users/butterflyeffectleedea/Desktop/Oculus/VideoShots/com.oculus.browser-20260511-141134-0.mp4
com.oculus.browser-20260511-142539-0.mp4,2026-05-11 14:25:39,88434796,84.34,/Users/butterflyeffectleedea/Desktop/Oculus/VideoShots/com.oculus.browser-20260511-142539-0.mp4
com.oculus.browser-20260511-145313-0.mp4,2026-05-11 14:53:13,83891642,80.01,/Users/butterflyeffectleedea/Desktop/Oculus/VideoShots/com.oculus.browser-20260511-145313-0.mp4
com.oculus.browser-20260511-150305-0.mp4,2026-05-11 15:03:05,71300469,68.00,/Users/butterflyeffectleedea/Desktop/Oculus/VideoShots/com.oculus.browser-20260511-150305-0.mp4
com.oculus.browser-20260511-152631-0.mp4,2026-05-11 15:26:31,100775126,96.11,/Users/butterflyeffectleedea/Desktop/Oculus/VideoShots/com.oculus.browser-20260511-152631-0.mp4
com.oculus.browser-20260511-153756-0.mp4,2026-05-11 15:37:56,65820343,62.77,/Users/butterflyeffectleedea/Desktop/Oculus/VideoShots/com.oculus.browser-20260511-153756-0.mp4
com.oculus.browser-20260512-142517-0.mp4,2026-05-12 14:25:17,66983557,63.88,/Users/butterflyeffectleedea/Desktop/Oculus/VideoShots/com.oculus.browser-20260512-142517-0.mp4
com.oculus.browser-20260512-143527-0.mp4,2026-05-12 14:35:27,33858184,32.29,/Users/butterflyeffectleedea/Desktop/Oculus/VideoShots/com.oculus.browser-20260512-143527-0.mp4
com.oculus.browser-20260512-150352-0.mp4,2026-05-12 15:03:52,66634055,63.55,/Users/butterflyeffectleedea/Desktop/Oculus/VideoShots/com.oculus.browser-20260512-150352-0.mp4
com.oculus.browser-20260512-151034-0.mp4,2026-05-12 15:10:34,63181224,60.25,/Users/butterflyeffectleedea/Desktop/Oculus/VideoShots/com.oculus.browser-20260512-151034-0.mp4
com.oculus.browser-20260513-130823-0.mp4,2026-05-13 13:08:23,119036591,113.52,/Users/butterflyeffectleedea/Desktop/Oculus/VideoShots/com.oculus.browser-20260513-130823-0.mp4
com.oculus.browser-20260513-131822-0.mp4,2026-05-13 13:18:22,71518575,68.21,/Users/butterflyeffectleedea/Desktop/Oculus/VideoShots/com.oculus.browser-20260513-131822-0.mp4
com.oculus.browser-20260513-133903-0.mp4,2026-05-13 13:39:03,55877708,53.29,/Users/butterflyeffectleedea/Desktop/Oculus/VideoShots/com.oculus.browser-20260513-133903-0.mp4
com.oculus.browser-20260513-134657-0.mp4,2026-05-13 13:46:57,41202733,39.29,/Users/butterflyeffectleedea/Desktop/Oculus/VideoShots/com.oculus.browser-20260513-134657-0.mp4
com.oculus.browser-20260513-140815-0.mp4,2026-05-13 14:08:15,39898016,38.05,/Users/butterflyeffectleedea/Desktop/Oculus/VideoShots/com.oculus.browser-20260513-140815-0.mp4
com.oculus.browser-20260513-141416-0.mp4,2026-05-13 14:14:16,36345460,34.66,/Users/butterflyeffectleedea/Desktop/Oculus/VideoShots/com.oculus.browser-20260513-141416-0.mp4
com.oculus.browser-20260513-152708-0.mp4,2026-05-13 15:27:08,65872266,62.82,/Users/butterflyeffectleedea/Desktop/Oculus/VideoShots/com.oculus.browser-20260513-152708-0.mp4
com.oculus.browser-20260513-153340-0.mp4,2026-05-13 15:33:40,48616343,46.36,/Users/butterflyeffectleedea/Desktop/Oculus/VideoShots/com.oculus.browser-20260513-153340-0.mp4
com.oculus.browser-20260513-155704-0.mp4,2026-05-13 15:57:04,64089766,61.12,/Users/butterflyeffectleedea/Desktop/Oculus/VideoShots/com.oculus.browser-20260513-155704-0.mp4
com.oculus.browser-20260513-160316-0.mp4,2026-05-13 16:03:16,52311736,49.89,/Users/butterflyeffectleedea/Desktop/Oculus/VideoShots/com.oculus.browser-20260513-160316-0.mp4
com.oculus.browser-20260513-165200-0.mp4,2026-05-13 16:52:00,108338546,103.32,/Users/butterflyeffectleedea/Desktop/Oculus/VideoShots/com.oculus.browser-20260513-165200-0.mp4
com.oculus.browser-20260513-170125-0.mp4,2026-05-13 17:01:25,70853606,67.57,/Users/butterflyeffectleedea/Desktop/Oculus/VideoShots/com.oculus.browser-20260513-170125-0.mp4
com.oculus.browser-20260514-130612-0.mp4,2026-05-14 13:06:12,59563189,56.80,/Users/butterflyeffectleedea/Desktop/Oculus/VideoShots/com.oculus.browser-20260514-130612-0.mp4
com.oculus.browser-20260514-131306-0.mp4,2026-05-14 13:13:06,47012718,44.83,/Users/butterflyeffectleedea/Desktop/Oculus/VideoShots/com.oculus.browser-20260514-131306-0.mp4
com.oculus.browser-20260514-131833-0.mp4,2026-05-14 13:18:33,40521860,38.64,/Users/butterflyeffectleedea/Desktop/Oculus/VideoShots/com.oculus.browser-20260514-131833-0.mp4
